{"cameraMode":{"drawMode":0,"name":"Shaded","section":"Shading Mode"},"sceneLighting":false,"audioPlay":false,"sceneViewState":{"m_AlwaysRefresh":false,"showFog":false,"showSkybox":false,"showFlares":false,"showImageEffects":false,"showParticleSystems":false,"showVisualEffectGraphs":true,"m_FxEnabled":true},"in2DMode":false,"pivot":{"x":0.0017247200012207032,"y":0.0016680359840393067,"z":-0.0007992982864379883},"rotation":{"x":-0.5442025065422058,"y":0.14356406033039094,"z":-0.09515248984098435,"w":-0.821087121963501},"size":0.7409920692443848,"orthographic":false}