{"cameraMode":{"drawMode":0,"name":"Shaded","section":"Shading Mode"},"sceneLighting":false,"audioPlay":false,"sceneViewState":{"m_AlwaysRefresh":false,"showFog":false,"showSkybox":false,"showFlares":false,"showImageEffects":false,"showParticleSystems":false,"showVisualEffectGraphs":true,"m_FxEnabled":true},"in2DMode":false,"pivot":{"x":0.051926374435424808,"y":0.07815408706665039,"z":0.020460844039916993},"rotation":{"x":-0.5442025065422058,"y":0.14356406033039094,"z":-0.09515248984098435,"w":-0.821087121963501},"size":1.5581727027893067,"orthographic":false}