{"cameraMode":{"drawMode":0,"name":"Shaded","section":"Shading Mode"},"sceneLighting":false,"audioPlay":false,"sceneViewState":{"m_AlwaysRefresh":false,"showFog":false,"showSkybox":false,"showFlares":false,"showImageEffects":false,"showParticleSystems":false,"showVisualEffectGraphs":true,"m_FxEnabled":true},"in2DMode":false,"pivot":{"x":0.0010495185852050782,"y":-0.0000725090503692627,"z":0.02743036299943924},"rotation":{"x":-0.5442025065422058,"y":0.14356406033039094,"z":-0.09515248984098435,"w":-0.821087121963501},"size":0.7097600102424622,"orthographic":false}