{"cameraMode":{"drawMode":0,"name":"Shaded","section":"Shading Mode"},"sceneLighting":false,"audioPlay":false,"sceneViewState":{"m_AlwaysRefresh":false,"showFog":false,"showSkybox":false,"showFlares":false,"showImageEffects":false,"showParticleSystems":false,"showVisualEffectGraphs":true,"m_FxEnabled":true},"in2DMode":false,"pivot":{"x":-0.15247738361358643,"y":0.05388772860169411,"z":0.2914639115333557},"rotation":{"x":-0.10556291043758393,"y":0.13884492218494416,"z":-0.014881661161780358,"w":-0.9845664501190186},"size":0.8218008875846863,"orthographic":false}