{"cameraMode":{"drawMode":0,"name":"Shaded","section":"Shading Mode"},"sceneLighting":false,"audioPlay":false,"sceneViewState":{"m_AlwaysRefresh":false,"showFog":false,"showSkybox":false,"showFlares":false,"showImageEffects":false,"showParticleSystems":false,"showVisualEffectGraphs":true,"m_FxEnabled":true},"in2DMode":false,"pivot":{"x":0.003864884376525879,"y":0.6354995369911194,"z":-0.001174338161945343},"rotation":{"x":-0.5442025065422058,"y":0.14356406033039094,"z":-0.09515248984098435,"w":-0.821087121963501},"size":0.8330940008163452,"orthographic":false}