{"cameraMode":{"drawMode":0,"name":"Shaded","section":"Shading Mode"},"sceneLighting":false,"audioPlay":false,"sceneViewState":{"m_AlwaysRefresh":false,"showFog":false,"showSkybox":false,"showFlares":false,"showImageEffects":false,"showParticleSystems":false,"showVisualEffectGraphs":true,"m_FxEnabled":true},"in2DMode":false,"pivot":{"x":0.8494905233383179,"y":0.7118456363677979,"z":0.06014204025268555},"rotation":{"x":-0.006304185837507248,"y":0.039586275815963748,"z":-0.00024457895779050887,"w":-0.999203085899353},"size":0.5218008756637573,"orthographic":false}