{"cameraMode":{"drawMode":0,"name":"Shaded","section":"Shading Mode"},"sceneLighting":false,"audioPlay":false,"sceneViewState":{"m_AlwaysRefresh":false,"showFog":false,"showSkybox":false,"showFlares":false,"showImageEffects":false,"showParticleSystems":false,"showVisualEffectGraphs":true,"m_FxEnabled":true},"in2DMode":false,"pivot":{"x":0.007010817527770996,"y":0.00031319260597229004,"z":0.07648110389709473},"rotation":{"x":-0.43577542901039126,"y":-0.17830032110214234,"z":0.08852120488882065,"w":-0.8777722716331482},"size":1.2471120357513428,"orthographic":false}